AccountNumber,AccountType,Age,Allowances,BankBranchID,BankID,BankName,Basic,BVN,Date Of Birth,Date Of First Employment,Deduction,Department,Designation,FirstName,Grade,Gross,LGA,MiddleName,Ministry,MinistryCode,Mobile,Month,MonthlyPay,PSN,RetirementDate,SalaryStructure,Service Days,ServiceYears,Sex,Step,SurName,Total Allowance,Total Deduction,Verification Number,Year,employeeId,ssid,nin,status,validatedAt,validatedByEmail
2006933751,Savings,55,,UBA GLOBAL MARKETS,33153733,UNITED BANK FOR AFRICA PLC,224192,22218880113,4/5/1969,12/17/1992,"NHF=N5604.80,TAX=23653.92,IFELODUN LG HEALTHDED=N5340.00,IFELODUN LG MED & HEALTHDED=N6725.76,IFELODUN LG MOSQUEDED=N150.00,IFELODUN LG WATERDED=N150.00",IFELODUN: (HEALTH),HEALTH EDU.(GL 07),MINATU,10-CONHESSOHW,224192,IFELODUN,MOTUNRAYO,IFELODUN,,8168946063,October,182567.52,22789,12/17/2027,CONHESSOHW,1148,3,F,1,ALABI,0,41624.48,9326201173,2024,,,,VALIDATED,2025-07-22T15:49:59.868477Z,admin@kwara.gov
19002492,Current,46,,STALLION PLAZA BRANCH,32156825,UNION BANK OF NIGERIA PLC,84449.05,22296465530,5/28/1978,6/1/1998,"NHF=N2111.23,TAX=4365.95,KAIAMA LG CO-OPERATIVEDED=N20200.00,KAIAMA LG NULGEDED=N2533.47,KAIAMA LG SWDDED=N700.00,KAIAMA LG WATER RATEDED=N150.00",KAIAMA:(TREASURY/FINANCE),REVENUE COLLECTOR,ADAMU,09-CONPSS,84449.05,KAIAMA,,KAIAMA,,8030611551,October,54388.4,47926,6/1/2033,CONPSS,3141,9,M,1,ABDUL-RAHMAN,0,30060.65,2526632671,2024,,,,VALIDATED,2025-07-22T15:50:15.751547Z,admin@kwara.gov
3043857015,Savings,56,,F.B.N. H/OFFICE FIN CONTROL,11151003,FIRST BANK OF NIGERIA PLC,125134.2,22251045597,1/23/1968,5/1/1992,"NHF=N3128.36,TAX=9046.85,IREPODUN LG CTCDED=N49400.00,IREPODUN LG UNIONDED=N3754.03,IREPODUN LG WATERDED=N200.00,IREPODUN LG WORK DEPT DED=N18200.00",IREPODUN:(WORKS),PLANNING ASSISTANT,ISA,14-CONPSS,125134.2,IREPODUN,,IREPODUN,,8062642459,October,41404.96,33335,5/1/2027,CONPSS,918,3,M,4,ABDULAZEEZ,0,83729.24,5695911651,2024,,,,VALIDATED,2025-07-22T15:50:17.187504Z,admin@kwara.gov
18999205,Savings,50,,STALLION PLAZA BRANCH,32156825,UNION BANK OF NIGERIA PLC,93195.17,22291765837,6/16/1974,5/31/2000,"NHF=N2329.88,TAX=5333.94,KAIAMA LG CO-OPERATIVEDED=N33200.00,KAIAMA LG MEDICALDED=N2795.86,KAIAMA LG SWDDED=N1500.00,KAIAMA LG WATER RATEDED=N100.00",KAIAMA:(HEALTH),HEALTH ATTENDANT,FATI,03-CONHESSOHW,93195.17,KAIAMA,,KAIAMA,,8117765342,October,47935.49,50292,6/16/2034,CONHESSOHW,3521,10,F,7,ABDUL,0,45259.68,1243660181,2024,,,,VALIDATED,2025-07-22T15:50:18.165754Z,admin@kwara.gov
9153544,Savings,43,,HEAD OFFICE,44140305,ACCESS BANK PLC,84449.05,22256674411,11/29/1980,9/3/2010,"NHF=N2111.23,TAX=4365.95,ILORIN SOUTH LG BUSDED=N2050.00,ILORIN SOUTH LG IL-S COOPDED=N15100.00,ILORIN SOUTH LG MOSQUEDED=N200.00,ILORIN SOUTH LG NULGEDED=N2533.47,ILORIN SOUTH WATERDED=N100.00",ILORIN SOUTH: (ADMINISTRATION),EXECUTIVE OFFICER (GL 07),ADAM,09-CONPSS,84449.05,ILORIN-SOUTH,,ILORIN SOUTH,,8030817459,October,57988.4,141,11/29/2040,CONPSS,5879,16,M,1,MUHAMMED LAWAL,0,26460.65,5801234111,2024,,,,VALIDATED,2025-07-22T15:50:19.710075Z,admin@kwara.gov
0029317438,Current,53,,STALLION PLAZA BRANCH,32156825,UNION BANK OF NIGERIA PLC,"136,746.38",22310502685,3/3/1971,1/1/1996,"NHF=N918.65,TAX=9585.97,AOPSHON=N1000.00,NUT=N3805.94,WATER=N100.00",PATIGI LGEA:(LGEA DARUL - SALAM KPADA SCHOOL),CLASS TEACHER,MOHAMMED,14-CONKWESS,"136,746.38",,BABA,PATIGI LGEA,,7068986860,October,"111,454.21",33056,1/1/2031,CONKWESS,,6,M,5,IBRAHIM,0,"25,292.17",0000734235,2024,,,,VALIDATED,2025-07-22T15:50:20.352279Z,admin@kwara.gov
39201588,Savings,39,,HEAD OFFICE,44140305,ACCESS BANK PLC,84449.05,22373001525,6/11/1985,6/30/2009,"NHF=N2111.23,TAX=4365.95,ILORIN EAST BALOGUN FULANI MFBDED=N19600.00,ILORIN EAST EDU DEPT SSWDED=N500.00,ILORIN EAST LG IWAJOWADED=N3200.00,ILORIN EAST LG NULGEDED=N2533.47,ILORIN EAST MUSLIMDED=N200.00,ILORIN EAST TRANSPORTDED=N1500.00,ILORIN EAST WATER RATEDED=N100.00",ILORIN EAST: (EDUCATION),A.E.O,ABDULLATEEF,09-CONPSS,84449.05,ILORIN EAST,,ILORIN EASTA,,7060419299,October,50338.4,8679,6/30/2044,CONPSS,7188,20,M,1,ABDULRAHEEM,0,34110.65,6390054092,2024,,KW8089475323,38487261816,VALIDATED,2025-07-21T12:24:05.838611Z,admin@kwara.gov
34842989,Savings,42,,ADETOKUNBO ADEMOLA,58152146,GUARANTY TRUST BANK PLC,84449.05,22304353730,8/31/1982,7/14/2009,"NHF=N2111.23,TAX=4365.95,ILORIN EAST LG IWAJOWADED=N13978.00,ILORIN EAST LG NULGEDED=N2533.47,ILORIN EAST MUSLIMDED=N200.00,ILORIN EAST TRANSPORTDED=N1500.00,ILORIN EAST WATER RATEDED=N100.00",ILORIN EAST: (TREASURY),SNR. REVENUE ASST. I (GL 06),ASMAU,09-CONPSS,84449.05,ILORIN EAST,ISHOLA,ILORIN EASTA,,8050529677,October,59660.4,8709,8/31/2042,CONPSS,6519,18,F,1,ISHOLA,0,24788.65,604260695,2024,,,,VALIDATED,2025-07-22T15:50:05.817004Z,admin@kwara.gov
29321172,Current,44,,STALLION PLAZA BRANCH,32156825,UNION BANK OF NIGERIA PLC,97421.25,22289595099,9/15/1980,11/1/2006,"NHF=N2435.53,TAX=5825.22,PATIGI LG CTCSDED=N15800.00,PATIGI LG WATERDED =N100.00",PATIGI: (HEALTH),HEALTH ATTD.(GL 02),ALHAJI,04-CONHESSOHW,97421.25,PATIGI,BABA,PATIGI,,8061673203,October,73260.5,31082,9/15/2040,CONHESSOHW,5804,16,M,7,MAGAJIN,0,24160.75,3720444668,2024,,,,VALIDATED,2025-07-22T15:50:18.993419Z,admin@kwara.gov
